Incident ID,Incident Date,State,City Or County,Address,# Killed,# Injured,Operations
480589,31-Dec-15,New York,New York (Manhattan),Sherman Street,0,1,N/A
476987,31-Dec-15,North Carolina,Durham,433 Pilot Street,0,2,N/A
476984,31-Dec-15,Missouri,Kansas City,E. 37th Street and Blue Ridge Cutoff,0,0,N/A
476351,31-Dec-15,Massachusetts,New Bedford,Pleasant Street,1,0,N/A
476966,31-Dec-15,North Carolina,Charlotte,Westpark Drive,0,2,N/A
476499,31-Dec-15,Tennessee,Chattanooga,2700 block 6th Avenue,0,1,N/A
483306,31-Dec-15,Missouri,Kansas City,3000 block of Woodland Avenue,0,1,N/A
484916,31-Dec-15,Kansas,Salina,400 block of S. 12th Street,0,0,N/A
484914,31-Dec-15,Kansas,Salina,University Place and Phillips Street,0,0,N/A
477545,31-Dec-15,North Carolina,Pasquotank (county),Sawyer Road,1,0,N/A
476299,31-Dec-15,Pennsylvania,Philadelphia,4400 block of North 7th Street,0,2,N/A
478675,31-Dec-15,California,Modesto,N/A,0,0,N/A
476809,31-Dec-15,Washington,Woodland,143 Whalen Road,1,0,N/A
476886,31-Dec-15,Iowa,Des Moines,1300 block of E. 14th Street,0,1,N/A
476880,31-Dec-15,Florida,Bradenton,500 block of 13th Avenue West,0,0,N/A
476872,31-Dec-15,Indiana,Merrillville,5500 block of Hayes Street,0,3,N/A
478620,31-Dec-15,Louisiana,New Orleans,N/A,0,0,N/A
477490,31-Dec-15,North Carolina,Gaston (county),Highland Street,0,1,N/A
476265,31-Dec-15,Texas,Arlington,1300 S. Bowen Road,0,1,N/A
476148,31-Dec-15,Tennessee,Madison,1700 block of Cumberland Station Boulevard,0,1,N/A
476256,31-Dec-15,Maryland,Oakland,Garrett Highway,0,0,N/A
481799,31-Dec-15,Texas,Montgomery (county),Kendal Ridge Lane and Clear Oaks Lane,0,0,N/A
476509,31-Dec-15,Illinois,Chicago (Englewood),7200 block of South Aberdeen Street,0,1,N/A
476760,31-Dec-15,Maryland,Halethorpe (Lansdowne),400 block of Fourth Ave,0,1,N/A
477473,31-Dec-15,Ohio,Cleveland,3800 block of East 144th Street,0,0,N/A
476040,31-Dec-15,Pennsylvania,Philadelphia,7100 block of Erdrick St,0,1,N/A
476814,31-Dec-15,Florida,Palm Beach,Pipers Clay Drive,0,1,N/A
476807,31-Dec-15,California,San Francisco,Fillmore and Turk,0,1,N/A
476804,31-Dec-15,Colorado,Colorado Springs,E. Platte and Iowa Avenue,0,0,N/A
477973,31-Dec-15,Illinois,Peoria,2503 N. Sheridan Road,0,0,N/A
476800,31-Dec-15,Maryland,Frederick,Waverly Drive,0,0,N/A
526872,31-Dec-15,Maine,Norridgewock,Madison Road,0,0,N/A
480126,31-Dec-15,Colorado,Pueblo,2600 block of Sitter Avenue,0,0,N/A
478561,31-Dec-15,New Hampshire,Nashua,29 Wason Avenue,0,0,N/A
480121,31-Dec-15,Colorado,Pueblo,Sprague and Acero Avenue,0,0,N/A
476623,31-Dec-15,New York,Brooklyn,680 block of Willoughby Avenue,0,2,N/A
476234,31-Dec-15,Maryland,Silver Spring,New Hampshire Avenue,0,0,N/A
477966,31-Dec-15,Illinois,East Saint Louis,1607 Wilfred Ave,1,0,N/A
477437,31-Dec-15,Wyoming,Laramie (county),6100 block of Laramie Street,0,0,N/A
476225,31-Dec-15,Virginia,Richmond,Hull Street Rd. and Greystone Ave.,0,1,N/A
476763,31-Dec-15,Pennsylvania,Philadelphia,300 block of South 16th Street,0,0,N/A
479321,31-Dec-15,Colorado,Colorado Springs,N/A,0,0,N/A
478534,31-Dec-15,Maine,Skowhegan,41 Madison Avenue,0,0,N/A
477422,31-Dec-15,Kansas,Topeka,S.E. 3rd and Lawrence,0,1,N/A
477420,31-Dec-15,Kansas,Topeka,S.W. 5th and S.W. Western,0,1,N/A
477953,31-Dec-15,Illinois,Kankakee,1300 block of East Chestnut Street,0,0,N/A
476735,31-Dec-15,Georgia,Columbus,500 block of Farr Road,0,2,N/A
482583,31-Dec-15,Georgia,Commerce,Mitchell Road,0,0,N/A
499227,31-Dec-15,Tennessee,Washington (county),388 Oak Grove Road,0,0,N/A
476195,31-Dec-15,District of Columbia,Washington,3000 Stanton Road SE,0,1,N/A
476725,31-Dec-15,Maryland,Baltimore,5000 block of York Road,0,0,N/A
482569,31-Dec-15,Georgia,Colbert,Southwinds Drive,0,0,N/A
476473,31-Dec-15,California,Compton,15600 block of South Washington Avenue,1,0,N/A
479277,31-Dec-15,Rhode Island,Providence,298 Pocasset Avenue,0,1,N/A
477400,31-Dec-15,Colorado,Denver,24th and Larimer Street,0,1,N/A
480929,31-Dec-15,District of Columbia,Washington,I Street SE,0,0,N/A
476698,31-Dec-15,California,Merced,500 block of T Street,0,0,N/A
476696,31-Dec-15,Georgia,Atlanta,Cone and Walton,0,1,N/A
476686,31-Dec-15,California,Salinas,300 block of Cross Avenue,0,1,N/A
476679,31-Dec-15,California,Seaside,Kalborn Road,0,1,N/A
476507,31-Dec-15,Virginia,Richmond,00 block of North Thompson Street,0,1,N/A
553464,31-Dec-15,Florida,Pensacola,N/A,0,1,N/A
476174,31-Dec-15,New York,Buffalo,100 block of Wilkes Avenue,0,1,N/A
482541,31-Dec-15,North Dakota,Bismarck,200 block of Riverside Park Road,0,0,N/A
476492,31-Dec-15,New Jersey,Newark,Camden St and 13th Ave,1,0,N/A
476636,31-Dec-15,California,San Bernardino,1300 block of West Belleview Street,0,0,N/A
476634,31-Dec-15,California,San Bernardino,1200 block of West King Street,0,0,N/A
476578,31-Dec-15,Florida,Saint Petersburg,1110 32nd Street,0,1,N/A
479216,31-Dec-15,Georgia,Winterville,1200 block of Athens Road,0,1,N/A
476476,31-Dec-15,Florida,Daytona Beach,971 West International Speedway Boulevard,0,2,N/A
506095,31-Dec-15,Illinois,Troy,N/A,0,0,N/A
476119,31-Dec-15,Alaska,Fairbanks,N/A,0,0,N/A
477916,31-Dec-15,Ohio,Cleveland,3300 block of Fulton Road,0,1,N/A
477332,31-Dec-15,Louisiana,New Orleans,3400 block of Mistletoe Street,0,0,N/A
476445,31-Dec-15,Ohio,Zanesville,768 Pine Street,0,1,N/A
476740,31-Dec-15,South Carolina,Gaffney,N/A,1,0,N/A
476619,31-Dec-15,New York,Rochester,Hoff Street,0,1,N/A
477311,31-Dec-15,California,Santa Ana,1000 block of South Sullivan Street,0,1,N/A
478425,31-Dec-15,California,Wasco,1000 block of 16th Street,1,0,N/A
476778,31-Dec-15,Maryland,Greensboro,MD-313,0,0,N/A
476607,31-Dec-15,New York,Malverne,Southern State Parkway,0,1,N/A
479912,31-Dec-15,Georgia,Statesboro,1699 Statesboro Place Circle,0,0,N/A
476083,31-Dec-15,Mississippi,Rolling Fork,68 Frontage Road,1,0,N/A
477266,31-Dec-15,Georgia,Brunswick,500 block of P Street,0,0,N/A
477262,31-Dec-15,Pennsylvania,Darby (Collingdale),Macdade Blvd and Staley Ave,0,1,N/A
476023,31-Dec-15,Pennsylvania,Philadelphia,3100 block of North 25th Street,1,0,N/A
479132,31-Dec-15,Alabama,Selma,N/A,0,1,N/A
476183,31-Dec-15,West Virginia,Charleston,935 Central Avenue,1,0,N/A
479130,31-Dec-15,Alabama,Selma,1600 block of Maple Street,1,0,N/A
476542,31-Dec-15,California,Oakland,6500 block of Foothill Boulevard,0,2,N/A
476058,31-Dec-15,Connecticut,Bridgeport,N/A,0,0,N/A
476536,31-Dec-15,Florida,Charlotte (county),Mary Street and Helen Street,0,0,N/A
476529,31-Dec-15,New Jersey,Jersey City,Clerk Street,0,0,N/A
476519,31-Dec-15,Illinois,Chicago,6200 block of South Martin Luther King Jr. Drive,0,1,N/A
476503,31-Dec-15,Illinois,Chicago,1000 block of North Lorel Avenue,0,2,N/A
476502,31-Dec-15,Florida,Fort Myers,3710 Nelson Tillis Boulevard,0,0,N/A
476490,31-Dec-15,Tennessee,Jackson,Hale Street,0,1,N/A
476486,31-Dec-15,California,Burbank,200 block of West Verdugo Avenue,0,1,N/A
476482,31-Dec-15,Maryland,Baltimore,North Poppleton Street,1,0,N/A
476566,31-Dec-15,Virginia,Newport News,1100 block of 28th Street,0,1,N/A
479074,31-Dec-15,New Jersey,Paterson,North Main,0,0,N/A
475982,31-Dec-15,Florida,Daytona Beach,309 Pearl St,2,1,N/A
479070,31-Dec-15,New Jersey,Paterson,North Main,0,0,N/A
477119,31-Dec-15,Tennessee,Cordova,1600 block of Beaver Trail Drive,0,0,N/A
525030,31-Dec-15,Illinois,Chicago,N/A,0,0,N/A
476439,31-Dec-15,Pennsylvania,Pittsburgh,1921 Brownsville Road,0,1,N/A
479049,31-Dec-15,New Jersey,Wildwood,4600 block of Park Boulevard,0,0,N/A
483045,31-Dec-15,New York,Brentwood,Brentwood Parkway,0,1,N/A
481372,31-Dec-15,Florida,Hollywood (West Park),5800 block of SW 27th St,1,0,N/A
475997,31-Dec-15,Florida,Clermont,N/A,0,1,N/A
493594,31-Dec-15,Ohio,Akron,800 block of East Crosier Street,0,1,N/A
757693,31-Dec-15,Louisiana,Ragley,Papania Rd,1,0,N/A
477147,31-Dec-15,New York,Brooklyn,1595 Canarsie Road,0,0,N/A
476866,31-Dec-15,Florida,Wildwood,High Street,0,2,N/A
476230,31-Dec-15,Nevada,Las Vegas,8300 block of Gilded Crown Ct,1,0,N/A
480276,31-Dec-15,Missouri,Saint Louis,Bascom Dr,0,1,N/A
475940,31-Dec-15,California,Long Beach,1600 block of Pacific Avenue,0,1,N/A
475930,31-Dec-15,Kentucky,Lexington,Red Mile Road,0,1,N/A
476343,31-Dec-15,New York,Jamaica,109th Ave and Merrick Blvd,1,0,N/A
476437,31-Dec-15,Ohio,Columbus,North Central Avenue,0,1,N/A
476434,31-Dec-15,Pennsylvania,Pittsburgh,9th Avenue and Penn Avenue,0,0,N/A
585853,31-Dec-15,Iowa,Independence,N/A,0,0,N/A
476430,31-Dec-15,Ohio,Ottawa (county),State Rt. 2,1,0,N/A
476418,31-Dec-15,Mississippi,Yazoo City,Highway 49,0,1,N/A
476415,31-Dec-15,Mississippi,Jackson,Lawrence Road,0,1,N/A
476406,31-Dec-15,Ohio,Toledo,Page and Elm,0,1,N/A
867743,31-Dec-15,Illinois,Chicago,N/A,0,0,N/A
517642,31-Dec-15,Ohio,Cincinnati (Norwood),N/A,0,0,N/A
476527,31-Dec-15,Illinois,Chicago,7000 block of South Laflin Street,0,1,N/A
477072,31-Dec-15,Pennsylvania,Erie,South I 79,0,0,N/A
476012,31-Dec-15,Arizona,Chandler,Loop 101 and Chandler Boulevard,1,0,N/A
477738,31-Dec-15,South Carolina,Horry (county),Fantasy Harbor Boulevard,0,1,N/A
475882,31-Dec-15,Illinois,Chicago,4400 block of West Monroe Street,0,1,N/A
475877,31-Dec-15,Illinois,Chicago,2600 block of South Homan Avenue,0,1,N/A
478162,31-Dec-15,Texas,Corpus Christi,700 block of Eleanor Street,0,0,N/A
478156,31-Dec-15,Texas,Corpus Christi,11200 block of Willowood Creek Drive,0,0,N/A
478151,31-Dec-15,Texas,Corpus Christi,4200 block of Easy Street,0,1,N/A
476321,31-Dec-15,Louisiana,New Orleans,1900 block of Amelia Street,0,6,N/A
477054,31-Dec-15,Wisconsin,Milwaukee,21st and Locust,0,1,N/A
480342,31-Dec-15,Michigan,Redford,15000 block of Wakenden,0,0,N/A
515954,31-Dec-15,Texas,Belton,1400 block of Oakalla Loop,0,0,N/A
476927,31-Dec-15,Louisiana,New Orleans,9700 block of Lake Forest Boulevard,1,0,N/A
476116,31-Dec-15,Texas,San Antonio,7800 block of Chambers Street,0,1,N/A
478095,31-Dec-15,Texas,San Antonio,Ruiz Street and North Colorado Street,0,1,N/A
476953,31-Dec-15,Arkansas,Crossett,W. 10th Street,0,1,N/A
477483,31-Dec-15,Louisiana,Shreveport,2929 Peach Street,0,0,N/A
476345,31-Dec-15,Texas,Houston,500 block of Gammon,1,0,N/A
476338,31-Dec-15,California,Los Angeles,2200 block of Batson Avenue,4,0,N/A
476334,31-Dec-15,Alabama,Birmingham,3400 block of Park Avenue Southwest,0,1,N/A
475994,31-Dec-15,Florida,Orlando,4501 Landing Drive,1,0,N/A
476998,31-Dec-15,Massachusetts,Worcester,Lincoln Street and Goldthwaite Road,0,1,N/A
701401,30-Dec-15,Utah,Fountain Green,400 South and 100 East,0,0,N/A
476555,30-Dec-15,Virginia,Woodbridge,14900 block of Emberdale Dr,0,1,N/A
477563,30-Dec-15,North Carolina,Wilmington,334 Westchester Road,1,0,N/A
475679,30-Dec-15,Ohio,Cincinnati,6230 Montgomery Rd,0,1,N/A
477541,30-Dec-15,North Carolina,Greenville,Summerhaven Drive,0,0,N/A
475730,30-Dec-15,Wisconsin,Milwaukee,5th and Grant,0,0,N/A
475949,30-Dec-15,New York,New York (Manhattan),59th Street,0,0,N/A
477521,30-Dec-15,North Carolina,Greensboro,1402 E. Washington St.,0,1,N/A
476297,30-Dec-15,Maryland,Baltimore,1500 block of Fulton Ave.,0,1,N/A
476287,30-Dec-15,Maryland,Baltimore,2200 block of Corona Court,0,1,N/A
476283,30-Dec-15,Texas,Houston,1000 block of Marjorie,1,0,N/A
477496,30-Dec-15,North Carolina,Laurinburg,Geneva Street,0,0,N/A
476276,30-Dec-15,Maryland,Baltimore,500 block of Walker Ave.,0,1,N/A
476272,30-Dec-15,Maryland,Baltimore,500 block of McElderry St.,1,0,N/A
476844,30-Dec-15,Colorado,Colorado Springs,Ruskin and Whittier Drive,0,1,N/A
477478,30-Dec-15,Missouri,Columbia,101 Green Meadows Road,0,0,N/A
476255,30-Dec-15,Maryland,Annapolis,900 block of Royal Street,0,0,N/A
478600,30-Dec-15,Kentucky,Louisville,600 block of South 26th Street,0,0,N/A
476008,30-Dec-15,Florida,Tampa,1700 block of University Woods Place,1,0,N/A
481779,30-Dec-15,Oregon,Medford,200 block of Dunthorpe Drive,0,0,N/A
475691,30-Dec-15,Louisiana,New Orleans,1700 block of Elysian Fields Avenue,1,1,N/A
475755,30-Dec-15,Washington,Centralia,I-5,0,0,N/A
476391,30-Dec-15,Ohio,Cleveland,Quincy Avenue and East 80th Street,0,1,N/A
497732,30-Dec-15,Ohio,West Chester,7250 Cabela Drive,0,0,N/A
477963,30-Dec-15,Alabama,Jacksonville,Wildwood Lane,2,0,N/A
476227,30-Dec-15,New Jersey,Brick,Lanes Mill Road,0,0,N/A
475556,30-Dec-15,Florida,Saint Petersburg (Johns Pass),129th Avenue East,0,1,N/A
475658,30-Dec-15,Tennessee,Knoxville,McConnell Street and Bethel Avenue,0,2,N/A
476791,30-Dec-15,Colorado,Colorado Springs,3600 block of E. Airport Road,0,0,N/A
476738,30-Dec-15,Maryland,Baltimore,1900 block of Orem Avenue,0,0,N/A
475980,30-Dec-15,Pennsylvania,Harrisburg,14  South 17th street,1,0,N/A
476031,30-Dec-15,Georgia,Macon,777 Hemlock Street,0,0,N/A
476209,30-Dec-15,Delaware,Middletown,300 block of Jefferson Street,0,3,N/A
476203,30-Dec-15,Delaware,Newark,4126 Ogletown Stanton Road,0,1,N/A
482580,30-Dec-15,Georgia,Winder,93 East May Street,0,0,N/A
476742,30-Dec-15,Illinois,Joliet,400 block of Sehring Drive,0,1,N/A
476200,30-Dec-15,District of Columbia,Washington,1800 block of R Street SE,0,1,N/A
475645,30-Dec-15,Pennsylvania,Philadelphia,60th and Manning Street,0,1,N/A
476192,30-Dec-15,District of Columbia,Washington,Polk and Olive Street NE,0,0,N/A
476190,30-Dec-15,Michigan,Flint,600 block of East Gracelawn Avenue,0,1,N/A
478512,30-Dec-15,Kansas,Wichita,1500 block of N. St. Francis,0,0,N/A
475638,30-Dec-15,California,Rosemead,3500 block of Strang Avenue,1,0,N/A
476716,30-Dec-15,Georgia,Athens,1199 Prince Avenue,0,0,N/A
476709,30-Dec-15,Indiana,Indianapolis,5500 block of East 21st Street,0,1,N/A
480919,30-Dec-15,Alabama,DeKalb (county),Alabama 68,0,0,N/A
480916,30-Dec-15,Texas,Houston,5959 FM 1960,1,0,N/A
482560,30-Dec-15,Georgia,Bogart,2000 block of Atlanta,0,0,N/A
476691,30-Dec-15,California,Fresno,4750 North Fresno Street,0,1,N/A
475624,30-Dec-15,Pennsylvania,Philadelphia,5300 block of Charles Street,0,2,N/A
480880,30-Dec-15,Alabama,Birmingham,200 block Daniel Payne Drive,0,1,N/A
475541,30-Dec-15,Virginia,Virginia Beach,Dam Neck Road,0,0,N/A
475584,30-Dec-15,Kentucky,Henderson,Plum Street,0,0,N/A
475575,30-Dec-15,Indiana,Evansville,St. Joseph Avenue and Maryland Street,0,0,N/A
475545,30-Dec-15,Virginia,Newport News,30th Street and Madison Avenue,1,0,N/A
488985,30-Dec-15,Alaska,Wasilla,Vine and KGB Road,0,0,N/A
476153,30-Dec-15,Tennessee,Jackson,East Deadrick Street and North Liberty Street,0,1,N/A
475552,30-Dec-15,Arizona,Phoenix,South 17th Avenue,1,0,N/A
1437440,30-Dec-15,California,Middletown,Butts Canyon Rd,1,1,N/A
475210,30-Dec-15,New York,Maspeth,55-61 58th St,0,1,N/A
761965,30-Dec-15,Missouri,Monett,N/A,0,0,N/A
482517,30-Dec-15,Wyoming,Rawlins,1115 N. Higley Boulevard,1,0,N/A
476612,30-Dec-15,New York,New York (Manhattan),First Avenue and East 59th,0,0,N/A
478605,30-Dec-15,Louisiana,Baton Rouge,1634 Fairchild Street,1,0,N/A
476081,30-Dec-15,Massachusetts,Boston,40 Boylston,0,0,N/A
476079,30-Dec-15,Massachusetts,Boston,Tremont Street,0,0,N/A
476070,30-Dec-15,Pennsylvania,Philadelphia,2500 block of North Bancroft Street,0,1,N/A
475513,30-Dec-15,Connecticut,Branford,2 Business Park Drive,0,0,N/A
476133,30-Dec-15,Pennsylvania,Pittsburgh,3500 block of California Avenue,0,1,N/A
476594,30-Dec-15,Indiana,New Carlisle (Hudson Lake),8400 east block of Emery Road,0,0,N/A
476000,30-Dec-15,Florida,Lehigh Acres,Lee Boulevard,0,0,N/A
477274,30-Dec-15,Pennsylvania,Johnstown,1201 SOLOMON ST,1,0,N/A
476585,30-Dec-15,Kentucky,Hopkinsville,South O'Neal Avenue,0,0,N/A
479142,30-Dec-15,Alabama,Selma,Tucker Avenue,0,1,N/A
479139,30-Dec-15,Alabama,Selma,N/A,0,0,N/A
479137,30-Dec-15,Alabama,Selma,N/A,0,1,N/A
475498,30-Dec-15,California,Fresno,Weber and Thorne Avenues,1,0,N/A
476015,30-Dec-15,Arizona,Peoria,Happy Valley Road,0,1,N/A
475485,30-Dec-15,California,Fairfield,North Texas Street,0,0,N/A
1079482,30-Dec-15,Ohio,Akron,Pontiac Ave,0,2,N/A
476480,30-Dec-15,California,Richmond,200 block of South Seventh Street,1,0,N/A
477876,30-Dec-15,South Carolina,Mc Clellanville (Mcclellanville),N/A,0,0,N/A
477175,30-Dec-15,North Carolina,Gastonia (Ranlo),1316 Spencer Mountain Rd,1,0,N/A
476049,30-Dec-15,South Carolina,Seabrook,Detour Road,0,0,N/A
477164,30-Dec-15,North Carolina,Charlotte,6600 block of Woodland Cir,0,1,N/A
475827,30-Dec-15,Georgia,Lithonia,4500 block of Idlewood Park,1,0,N/A
475643,30-Dec-15,Pennsylvania,Philadelphia,North Redfield Street,1,0,N/A
475588,30-Dec-15,Pennsylvania,Philadelphia,1200 block of Redfield Street,1,0,N/A
476025,30-Dec-15,Georgia,Savannah,700 block of East Bolton Street,0,1,N/A
478140,30-Dec-15,Texas,El Paso,221 Porfirio Diaz Street,1,0,N/A
484502,30-Dec-15,New York,Ithaca,130 East Seneca Street,0,0,N/A
476020,30-Dec-15,Georgia,Albany,500 block of College Drive,0,1,N/A
476018,30-Dec-15,Pennsylvania,Mckeesport,1600 block of Jenny Lind Street,1,0,N/A
475414,30-Dec-15,Indiana,Anderson,N/A,0,0,N/A
730681,30-Dec-15,New Mexico,Farmington,N/A,0,0,N/A
476004,30-Dec-15,Florida,Jacksonville,2681 University Boulevard,0,1,N/A
477843,30-Dec-15,South Carolina,Sumter,Miller Road,1,0,N/A
476626,30-Dec-15,Maryland,Annapolis Junction,Market St and Baltimore St,2,0,N/A
475987,30-Dec-15,Pennsylvania,York,500 block of West King Street,0,1,N/A
476621,30-Dec-15,New York,Brooklyn,Sterling Street,0,0,N/A
475978,30-Dec-15,Pennsylvania,Lancaster,549 E Chestnut St,0,1,N/A
477060,30-Dec-15,Indiana,Indianapolis,1481 W 10th St,0,1,N/A
489913,30-Dec-15,Virginia,Woodbridge,Dale Blvd and Cloverdale Rd,0,0,N/A
479722,30-Dec-15,California,Fountain Valley,N/A,0,0,N/A
486784,30-Dec-15,New York,Bronx,2435 Crescent Avenue,0,1,N/A
476444,30-Dec-15,Ohio,Youngstown,Dryden Avenue,0,0,N/A
475957,30-Dec-15,New York,Albany,Second Avenue,0,1,N/A
475622,30-Dec-15,Kentucky,Wallins Creek,Abe Hill Road,0,1,N/A
475479,30-Dec-15,New York,Rochester,101 Bidwell Terrace,0,0,N/A
476957,30-Dec-15,Mississippi,D'iberville,9994 Rodriguez Street,0,2,N/A
475954,30-Dec-15,New York,Ripley,Interstate 90,0,0,N/A
475932,30-Dec-15,Texas,Houston,5900 block of FM 1960,1,0,N/A
475944,30-Dec-15,Texas,Longview,3210 Miller Ave,0,0,N/A
477800,30-Dec-15,Texas,Amarillo,6700 block of I 40 West,0,0,N/A
475942,30-Dec-15,California,Stockton,200 block of West Ben Holt Drive,1,0,N/A
479395,30-Dec-15,Indiana,Merrillville,Mississippi St and E 83rd Ave,0,0,N/A
475920,30-Dec-15,Texas,Houston,100 Dyna Dr,0,1,N/A
475917,30-Dec-15,California,Fresno,Kearnery Boulevard and Fruit Avenue,0,0,N/A
476010,30-Dec-15,Pennsylvania,Bangor,Rainbow Dr,0,0,N/A
475915,30-Dec-15,Texas,Del Rio,300 block of Quail Creek Drive,1,0,N/A
476421,30-Dec-15,Mississippi,Jackson,Lebanon Road,0,0,N/A
478944,30-Dec-15,Maryland,Forest Hill,2100 block of Sewanee Drive,0,0,N/A
475258,30-Dec-15,Maryland,Baltimore,200 block of Dallas Court,0,1,N/A
477743,30-Dec-15,South Carolina,Taylors,Buttercup Way,0,1,N/A
477735,30-Dec-15,South Carolina,Walterboro,N/A,0,0,N/A
475385,30-Dec-15,Illinois,Chicago,8700 block of South Racine Avenue,0,2,N/A
475888,30-Dec-15,Illinois,Chicago,200 block of North Kilbourn Avenue,0,1,N/A
475925,30-Dec-15,California,Los Angeles,14600 block of West Plummer Street and Sepulveda Boulevard,0,2,N/A
475884,30-Dec-15,Illinois,Chicago,3500 block of West Grenshaw Street,0,2,N/A
476497,30-Dec-15,California,Los Angeles,Van Nuys Boulevard and Plummer Street,1,0,N/A
475874,30-Dec-15,Illinois,Chicago,3100 block of West Devon Avenue,0,1,N/A
477681,30-Dec-15,Indiana,Fort Wayne,2700 block of Evans Street,0,0,N/A
478826,30-Dec-15,Texas,Houston,N/A,1,0,N/A
475951,30-Dec-15,Texas,San Antonio,5800 block of Stonybrook Drive,0,1,N/A
476347,30-Dec-15,Nebraska,Lincoln,N/A,0,0,N/A
477010,30-Dec-15,Illinois,Belleville,29th Street and Vernier Avenue,0,0,N/A
476990,29-Dec-15,Washington,Seattle (Capitol Hill),300 block of East Roy Street,0,0,N/A
477565,29-Dec-15,North Carolina,Wilmington,Harbour Drive,0,0,N/A
475558,29-Dec-15,West Virginia,Lincoln (county),298 Coon Creek Road,0,1,N/A
477558,29-Dec-15,North Carolina,Roanoke Rapids,Jackson Street,0,1,N/A
478017,29-Dec-15,Illinois,Danville,1100 block of Moore Street,0,2,N/A
475739,29-Dec-15,Wisconsin,Wisconsin Rapids,Big Oak and Thousand Oak Road,0,0,N/A
475726,29-Dec-15,Wisconsin,Milwaukee,48th and Hampton,0,2,N/A
475039,29-Dec-15,Louisiana,New Orleans,2400 block of North Claiborne,0,0,N/A
480215,29-Dec-15,Iowa,Waterloo,500 block of Elm Street,0,0,N/A
475721,29-Dec-15,Wisconsin,Milwaukee,25th and Rogers,0,1,N/A
481120,29-Dec-15,Iowa,Davenport,1600 block of W. 43rd Street,0,0,N/A
475719,29-Dec-15,Wisconsin,Milwaukee,37th and Walnut,0,1,N/A
477504,29-Dec-15,North Carolina,Sanford,700 block of Charlotte Avenue,0,1,N/A
476280,29-Dec-15,Kansas,Manhattan,Mt. Zion Road,0,1,N/A
481809,29-Dec-15,Texas,Montgomery (county),22800 block of Antique Lane,0,0,N/A
481803,29-Dec-15,Texas,Montgomery (county),25500 block of US Highway 59,0,0,N/A
477528,29-Dec-15,North Carolina,Winston Salem (Winston-salem),105 N Cleveland Ave,0,2,N/A
475430,29-Dec-15,Indiana,Hammond,900 block of 170th Street,0,2,N/A
475418,29-Dec-15,North Carolina,Winston Salem (Winston-salem),Quinn Forest Way,0,1,N/A
476253,29-Dec-15,Texas,Houston,10100 block of Club Creek,1,0,N/A
477991,29-Dec-15,Missouri,Kansas City,40th Street and Agnes Avenue,1,0,N/A
476237,29-Dec-15,Texas,Houston,500 block of Gammon,1,0,N/A
476422,29-Dec-15,Mississippi,Biloxi,300 block of DeBuys Rd,0,0,N/A
475017,29-Dec-15,Ohio,Dayton,700 block of South Smithville Road,0,1,N/A
476797,29-Dec-15,Oregon,Corvallis,N/A,0,0,N/A
475344,29-Dec-15,South Carolina,Aiken,1100 York Street,0,1,N/A
478576,29-Dec-15,Kentucky,Lexington,Codell Drive,0,0,N/A
476240,29-Dec-15,Tennessee,Columbia,Wentzel Lane,1,0,N/A
482609,29-Dec-15,Georgia,Savannah,1200 block of East Duffy,0,0,N/A
474568,29-Dec-15,Illinois,Chicago (Lakeview),3000 N Clybourn Ave,0,0,N/A
497730,29-Dec-15,Ohio,West Chester,7250 Cabela Drive,0,0,N/A
476232,29-Dec-15,Maryland,Suitland,2300 block of Brooks Drive,1,0,N/A
475671,29-Dec-15,Tennessee,Nashville,12th Avenue North,0,1,N/A
477434,29-Dec-15,New York,Staten Island,Tompkins Avenue,0,0,N/A
475269,29-Dec-15,New Jersey,Franklin,Eugene Avenue,0,2,N/A
482588,29-Dec-15,Georgia,Jefferson,Valley View Drive,0,0,N/A
482585,29-Dec-15,Georgia,Nicholson,8000 block of Highway 441,0,0,N/A
475547,29-Dec-15,Virginia,Newport News,Ivy Avenue and Ridley Circle,0,0,N/A
476213,29-Dec-15,Nevada,Reno,Bishop Street,0,1,N/A
475611,29-Dec-15,Virginia,Hampton,1st block of Pin Oak Court,0,0,N/A
475650,29-Dec-15,Hawaii,Hilo,Kaumana Drive,0,0,N/A
475597,29-Dec-15,Virginia,Hampton,2200 block of Bay Avenue,0,0,N/A
475615,29-Dec-15,Virginia,Hampton,2100 block of Shell Road,0,0,N/A
475476,29-Dec-15,California,San Marino,Huntington Dr and Pasqualito Dr,0,0,N/A
475634,29-Dec-15,Indiana,Richmond,North West Second Street,0,0,N/A
475631,29-Dec-15,Indiana,Richmond,200 block of North 12th Street,0,0,N/A
476678,29-Dec-15,Illinois,Chicago (Englewood),6400 block of South Stewart,0,0,N/A
477383,29-Dec-15,Tennessee,Jackson,East Chester Street,0,0,N/A
476165,29-Dec-15,Louisiana,Covington,Emily Diamond Way,0,1,N/A
475579,29-Dec-15,Pennsylvania,Clairton,400 block of Maple Alley,1,0,N/A
476156,29-Dec-15,Massachusetts,Quincy,38 Elm Street,0,0,N/A
475566,29-Dec-15,Florida,Miami-dade (county),Northwest 77th Street and 13th Avenue,0,1,N/A
475564,29-Dec-15,Florida,Punta Gorda,Doredo Drive,0,0,N/A
475560,29-Dec-15,Florida,Palm Coast,N/A,0,0,N/A
475550,29-Dec-15,Indiana,Gary,West 21st Avenue and Lane Street,0,0,N/A
476135,29-Dec-15,Texas,Pasadena,Lily Street,0,1,N/A
528671,29-Dec-15,Florida,Palm Beach,Brazilian Avenue and South Ocean Boulevard,0,1,N/A
476889,29-Dec-15,Connecticut,Stamford,Southwood Drive,0,0,N/A
476127,29-Dec-15,Michigan,Taylor,8000 block of Oak Street,0,1,N/A
475573,29-Dec-15,Florida,Orlando,Dogwood Drive,0,1,N/A
476104,29-Dec-15,Alabama,Birmingham,200 block of 22nd Avenue West,1,0,N/A
476616,29-Dec-15,New York,Tonawanda,749 Sheridan Drive,0,0,N/A
474875,29-Dec-15,Wisconsin,Milwaukee,3600 block of North 23rd,0,1,N/A
481572,29-Dec-15,Minnesota,Shakopee,Tinta Circle and McKenna Road,0,0,N/A
474530,29-Dec-15,Massachusetts,Boston,23 Wilmore Street,1,1,N/A
476067,29-Dec-15,Illinois,Rockford,Montague Street and Rose Avenue,0,0,N/A
474860,29-Dec-15,Illinois,Chicago,3600 block of West Dickens Avenue,0,1,N/A
479153,29-Dec-15,California,Pasadena,800 block of North Lake Avenue,0,1,N/A
475510,29-Dec-15,Massachusetts,Andover,354 Main Street,0,0,N/A
474853,29-Dec-15,Illinois,Chicago,5700 block of South Michigan Avenue,0,1,N/A
477250,29-Dec-15,California,Calexico,Thielemann Avenue,0,0,N/A
475500,29-Dec-15,California,Orange,2000 block of East Palmya Avenue,1,0,N/A
475487,29-Dec-15,California,Union City,29500 block of Kohoutek Way,0,1,N/A
475474,29-Dec-15,California,Rosemead,3500 block of Strang Avenue,1,0,N/A
475471,29-Dec-15,California,Oxnard,4600 block of Terrace Avenue,0,2,N/A
477868,29-Dec-15,South Carolina,Sumter,Frazier Street,0,0,N/A
476045,29-Dec-15,South Carolina,Graniteville,Elbert Street,0,0,N/A
475598,29-Dec-15,Pennsylvania,Philadelphia,3400 block of N Eighth Street,1,0,N/A
475262,29-Dec-15,Georgia,Savannah,2300 block of Tulip Street,0,1,N/A
475062,29-Dec-15,Florida,Boca Raton,135 NW 20th St.,1,0,N/A
477849,29-Dec-15,Missouri,Sikeston,806 Apache Drive,1,0,N/A
474671,29-Dec-15,California,Los Angeles (Hollywood),1000 block of North Kings Road,0,1,N/A
474669,29-Dec-15,California,Los Angeles,Sunset Boulevard and Figueroa Street,0,1,N/A
474622,29-Dec-15,California,Oxnard,200 block of East Yucca Street,0,1,N/A
475381,29-Dec-15,Illinois,Chicago (Englewood),6400 block of South Eggleston Avenue,0,1,N/A
479200,29-Dec-15,Georgia,Savannah (Wilmington Island),400 block of Johnny Mercer Blvd,0,0,N/A
475370,29-Dec-15,Illinois,Chicago,6300 block of South Artesian Avenue,0,2,N/A
475359,29-Dec-15,Illinois,Chicago,6900 block of South Vernon Avenue,0,1,N/A
475346,29-Dec-15,Illinois,Chicago,9000 block of South Greenwood Avenue,1,0,N/A
483706,29-Dec-15,Missouri,Union,Hickory Spring Lane,0,0,N/A
474577,29-Dec-15,Illinois,Chicago (Roseland),9100 block of South Wentworth Avenue,0,1,N/A
474663,29-Dec-15,California,Gustine (Santa Nella),29000 block of Del Sol Court,1,0,N/A
475125,29-Dec-15,Nevada,Las Vegas,601 South Rainbow Blvd,1,0,N/A
475311,29-Dec-15,North Carolina,Winston Salem,2115 Peters Creek Parkway,0,2,N/A
475910,29-Dec-15,Nevada,Reno,2300 block of Wedekind Road,0,1,N/A
475273,29-Dec-15,Georgia,Lagrange,Borton Street,0,0,N/A
474599,29-Dec-15,Illinois,Melrose Park,1100 block of 24th Ave,1,1,N/A
477089,29-Dec-15,Arkansas,Benton,Bradbury Street,0,0,N/A
475272,29-Dec-15,Georgia,Lagrange,29 Patilla Road,0,0,N/A
475266,29-Dec-15,Georgia,Albany,1016 North Slappey Boulevard,0,1,N/A
476400,29-Dec-15,Mississippi,Hattiesburg,Spencer Street,1,0,N/A
477078,29-Dec-15,Arkansas,Little Rock,9th St and College St,0,1,N/A
475256,29-Dec-15,Maryland,Baltimore,1600 block of East 25th Street,0,1,N/A
475254,29-Dec-15,Maryland,Baltimore,4500 block of Garrison Boulevard,1,0,N/A
477074,29-Dec-15,Arkansas,Pine Bluff,10th Ave. and Palm St.,1,0,N/A
475250,29-Dec-15,Illinois,Chicago,10900 block of South Racine Avenue,0,1,N/A
475248,29-Dec-15,District of Columbia,Washington,N/A,0,0,N/A
475246,29-Dec-15,District of Columbia,Washington,N/A,0,0,N/A
477726,29-Dec-15,South Carolina,North Charleston,Carver and Ottawa Avenues,1,0,N/A
478538,29-Dec-15,Nevada,Reno,Fife Drive and Reed Street,1,0,N/A
477719,29-Dec-15,South Carolina,Ladson,Miami Drive,0,1,N/A
475866,29-Dec-15,Michigan,Davisburg (Springfield Township),10000 block of Puffer Road,0,0,N/A
475134,29-Dec-15,Oklahoma,Yukon,Yukon Parkway and Ranchwood Boulevard,0,0,N/A
475847,29-Dec-15,Oklahoma,Guthrie,N. Pine Street,0,0,N/A
475334,29-Dec-15,South Carolina,Easley,112 Planters Way,1,0,N/A
475219,29-Dec-15,Ohio,Dayton (Trotwood),1400 block of Hagerman Drive,0,1,N/A
476245,29-Dec-15,Texas,Houston,3427 Jorns,1,0,N/A
475214,29-Dec-15,Florida,Saint Cloud,10th Street,1,0,N/A
475161,29-Dec-15,Nebraska,Omaha,1029 Park Avenue,0,1,N/A
476331,29-Dec-15,South Carolina,York,Fine Wright Avenue,0,1,N/A
475141,29-Dec-15,Pennsylvania,Philadelphia,51st and Brown,0,1,N/A
478117,29-Dec-15,Texas,San Antonio,4611 East Houston Street,0,1,N/A
475539,29-Dec-15,Tennessee,Memphis,6000 block of Water Stone Oakway,1,0,N/A
475132,29-Dec-15,Missouri,Kansas City,Bannister Road and Blue Ridge Boulevard,0,1,N/A
475111,29-Dec-15,Texas,San Antonio,100 block of Charing Cross,0,0,N/A
475082,29-Dec-15,Michigan,Flint,3000 block of North Franklin Avenue,0,1,N/A
486094,28-Dec-15,Colorado,Greeley,2500 block of 23rd Avenue,0,0,N/A
474193,28-Dec-15,Missouri,Columbia,1400 block of Greensboro Drive,0,0,N/A
475071,28-Dec-15,Michigan,Jackson,100 block of Rockwell Street,0,1,N/A
476973,28-Dec-15,South Carolina,Lancaster,Carmel Road and Belmont Circle,0,1,N/A
475743,28-Dec-15,Ohio,Toledo,West Park Street,0,1,N/A
475036,28-Dec-15,Louisiana,Reserve,600 block of Northwest Second Street,0,2,N/A
474361,28-Dec-15,Louisiana,New Orleans,7001 Martin Drive,2,0,N/A
486899,28-Dec-15,Utah,Orem,1757 Village Lane,2,0,N/A
474146,28-Dec-15,Tennessee,Memphis,6800 block of Birch Run Lane,0,1,N/A
474165,28-Dec-15,Washington,Spokane,Highway 195 and Excelsior Road,0,1,N/A
475032,28-Dec-15,Ohio,Cleveland,East 131st Street and Union Avenue,0,0,N/A
475030,28-Dec-15,Virginia,Dinwiddie (county),6100 block of Duncan Road,0,1,N/A
483440,28-Dec-15,Minnesota,Sturgeon Lake,N/A,0,0,N/A
475024,28-Dec-15,Tennessee,Nashville,111 Old Hickory Boulevard,0,1,N/A
475022,28-Dec-15,Pennsylvania,Philadelphia,5600 block of Warrington Avenue,0,1,N/A
474942,28-Dec-15,Tennessee,Lebanon,1100 block of Bluebird Road,0,2,N/A
477983,28-Dec-15,Michigan,Inkster,26000 block of Yale Street,1,0,N/A
474113,28-Dec-15,Maryland,Baltimore,1900 block of Baker St.,1,0,N/A
477465,28-Dec-15,Missouri,Columbia,1700 block of Perkins Drive,0,0,N/A
474945,28-Dec-15,Tennessee,Henderson,Flanagan Acres,1,0,N/A
497728,28-Dec-15,Ohio,West Chester,7250 Cabela Drive,0,0,N/A
474447,28-Dec-15,New Jersey,Trenton,1900 block of South Clinton Avenue,0,1,N/A
474263,28-Dec-15,Georgia,Atlanta,Fairburn Road and Martin Luther King Jr Boulevard,0,2,N/A
474064,28-Dec-15,Washington,Seattle,605 Queen Anne Ave. N.,0,1,N/A
475648,28-Dec-15,Virginia,Hampton,1100 block of West Mercury Boulevard,0,0,N/A
474076,28-Dec-15,District of Columbia,Washington,800 block of Southern Avenue SE,0,1,N/A
474074,28-Dec-15,District of Columbia,Washington,N/A,0,0,N/A
473859,28-Dec-15,Tennessee,Knoxville,711 Morrison Way,0,1,N/A
474947,28-Dec-15,Virginia,Suffolk,300 block of Causey Avenue,1,0,N/A
474956,28-Dec-15,Virginia,Williamsburg,1100 block of Wilkins Drive,1,0,N/A
475481,28-Dec-15,California,Rancho Cucamonga,7429 Arbor Lane,0,1,N/A
474044,28-Dec-15,South Carolina,Union,South Enterprise Street,0,1,N/A
475629,28-Dec-15,Indiana,Richmond,100 block of South Sixth Street,0,0,N/A
474937,28-Dec-15,Pennsylvania,Reading (Mount Penn),1960 Perkiomen Ave,2,0,N/A
473547,28-Dec-15,Pennsylvania,Johnstown,900 Ash Street,0,1,N/A
474922,28-Dec-15,Tennessee,Memphis,Johnson Avenue,0,1,N/A
479251,28-Dec-15,Michigan,Inkster,26000 block of Yale Street,1,0,N/A
475595,28-Dec-15,Massachusetts,Boston,14 Putnam Street,0,0,N/A
474960,28-Dec-15,Alaska,Bethel,N/A,1,0,N/A
474913,28-Dec-15,Tennessee,Memphis,6400 block of South Country Oaks Circle,0,1,N/A
474032,28-Dec-15,California,Citrus Heights,7900 block of Kingswood Drive,1,1,N/A
475583,28-Dec-15,Kentucky,Henderson,600 block of Washington Street,0,0,N/A
475577,28-Dec-15,Florida,Fort Pierce,North 17th Street,0,1,N/A
474191,28-Dec-15,North Dakota,Fargo,450 34th Street S.,0,0,N/A
476150,28-Dec-15,Georgia,Flowery Branch,5900 block of Bailey Street,0,1,N/A
474012,28-Dec-15,California,Fresno,1000 block of Rogers Lane,1,0,N/A
475635,28-Dec-15,North Dakota,Berthold,Highway 2,0,0,N/A
474379,28-Dec-15,Pennsylvania,Chester,1400 block of Swarts Street,1,1,N/A
474319,28-Dec-15,Ohio,Dayton (Trotwood),3200 block of Atlas Road,1,0,N/A
474092,28-Dec-15,Louisiana,Slidell,Tulip Dr,0,0,N/A
474326,28-Dec-15,Pennsylvania,Philadelphia,2600 block of North 7th Street,1,0,N/A
473967,28-Dec-15,Virginia,Richmond,500 block of Northside Avenue,0,1,N/A
476111,28-Dec-15,Alabama,Birmingham,200 6th Ave. South,0,0,N/A
476109,28-Dec-15,Alabama,Birmingham (Hoover),2250 Little Valley Rd.,0,1,N/A
474879,28-Dec-15,Wisconsin,Green Bay,800 block of Howard Street,0,0,N/A
476130,28-Dec-15,Ohio,Columbus,40 block of Rodgers Avenue,1,0,N/A
474871,28-Dec-15,Pennsylvania,Chester,1400 block of Culhane Street,1,0,N/A
475336,28-Dec-15,South Carolina,Estill,4th Street,0,1,N/A
475604,28-Dec-15,Massachusetts,Brockton,547 North Main Street,0,0,N/A
478236,28-Dec-15,New York,Brooklyn,2364 Batchelder Street,2,0,N/A
474862,28-Dec-15,Wisconsin,Milwaukee,West Atkinson and North 8th,1,0,N/A
477268,28-Dec-15,Georgia,Brunswick,2600 block of Lee Street,0,1,N/A
474851,28-Dec-15,Wisconsin,Beloit,800 block of Elm Street,0,0,N/A
473877,28-Dec-15,Florida,Jacksonville,Old Middleburg Road,0,1,N/A
473870,28-Dec-15,Florida,Jacksonville,2900 block of Thomas Street,0,2,N/A
473866,28-Dec-15,Florida,Fort Myers,Ford Street,0,1,N/A
476060,28-Dec-15,Illinois,Rockford,3300 block of Sablewood Drive,0,0,N/A
475495,28-Dec-15,New York,New York (Manhattan),Madison Avenue,0,1,N/A
473905,28-Dec-15,Tennessee,Memphis,3600 block of Philsdale,1,0,N/A
475491,28-Dec-15,New York,Brooklyn,East 94th and Glenwood Road,0,0,N/A
473835,28-Dec-15,Florida,Melbourne,University Boulevard and US 1,0,0,N/A
475483,28-Dec-15,New York,Staten Island,Stroud Avenue,0,0,N/A
473823,28-Dec-15,Arizona,Red Rock,34000 block of S. Spirit Lane,1,0,N/A
474206,28-Dec-15,Ohio,Cleveland,Euclid and Wymore Avenues,1,0,N/A
475138,28-Dec-15,Nevada,Henderson,2400 block of Foxmoore Court,1,0,N/A
477195,28-Dec-15,North Carolina,Watauga (county),N/A,0,0,N/A
477191,28-Dec-15,North Carolina,Charlotte,Idlewild Brook Lane,0,0,N/A
474677,28-Dec-15,Florida,Orlando,632 Columbia Street,0,1,N/A
474675,28-Dec-15,Florida,Lakeland,1563 Turtle Rock Drive,0,1,N/A
477831,28-Dec-15,Georgia,Ellijay,Brook Hollow Circle,1,0,N/A
475903,28-Dec-15,Illinois,Granite City,North Street and Illinois 3,0,0,N/A
474620,28-Dec-15,California,Castroville,Wood Street,0,0,N/A
474986,28-Dec-15,Washington,Seattle,Second Avenue Extension South and South Washington Street,0,1,N/A
473887,28-Dec-15,Florida,Fort Lauderdale (Lauderhill),2900 block of NW 55th Ave,1,0,N/A
474445,28-Dec-15,New Jersey,Newark,200 block of South 11th Street,1,0,N/A
474603,28-Dec-15,Alaska,Anchorage,Mt View Drive and Klevin Street,0,1,N/A
474589,28-Dec-15,Illinois,Chicago,300 block of East 58th Street,0,1,N/A
474559,28-Dec-15,District of Columbia,Washington,3314 10th Pl SE,1,0,N/A
